id,area,name,description,pyfa_src,f,f_evidence,mcp,mcp_evidence,web,web_evidence,owner
ENG-CORE-001,ENG-CORE,Dogma modifier engine,"Apply SDE effects/modifiers (ItemModifier, LocationModifier, LocationGroup/RequiredSkill, OwnerRequiredSkill) with all operators (preAssign, preMul, preDiv, modAdd, modSub, postMul, postDiv, postPercent, postAssign)",eos/modifiedAttributeDict.py; eos/effects.py; eos/gamedata.py,have,"B19 330/331 (22044/22046 values), probe lab-fp f5b709f",have,compute_fit passes the full FitRequest to the engine backend (src/schemas.ts),have,FitStats from engine worker (src/engine/adapter.ts),
ENG-CORE-002,ENG-CORE,Stacking penalties,"Penalised multiplier chains per attribute/operator group, stackable-attribute exemptions, penalty groups","eos/modifiedAttributeDict.py (calculateValue, penalized)",have,"B19 esf_stacking_per*, e_fz_cloak_wcs_penalty_group_ninazu (FZ 8/8)",have,compute_fit passes the full FitRequest to the engine backend (src/schemas.ts),have,FitStats from engine worker (src/engine/adapter.ts),
ENG-CORE-003,ENG-CORE,"Hand-written effects (eos/effects.py, 2402 classes)","Pyfa overrides/complements SDE expressions with hand-written handlers (incl. runTime early/normal/late, projected-only, activeByDefault quirks)",eos/effects.py (class EffectNNNN),partial,"probe tools/probe_pyfa_effects.py: 2378 Pyfa effect classes used by dataset-3569502 types; 2266 have SDE modifierInfo (F codegen); 112 are handler-only, 75 named in F src (build.rs/engine.rs/stats.rs), 37 not named (weather_*/aoe clouds/warfare links handled via dbuffs and pass B19; mining*, salvaging, hacking, tractor, pointDefense, lightningWeapon, doomsdayAOEBubble, moduleTitanEffectGenerator, moduleBonusBreacherPodDamageControl unverified). Needs a per-effect test map.",have,engine pass-through,have,engine pass-through,
ENG-CORE-004,ENG-CORE,Skills as modifier sources,Skill levels drive skill effects; per-skill level; character-wide skill bonuses,eos/saveddata/character.py (Skill.calculateModifiedAttributes),have,B19 skills0/2/3/4_* (70 cases),have,compute_fit character.skills; skill_requirements tool,have,src/ui/Character.tsx,
ENG-CORE-005,ENG-CORE,Attribute overrides,User-set base attribute value overrides per type (Attribute Overrides menu/editor),eos/saveddata/override.py; gui/propertyEditor.py; mainMenuBar 'Attribute Overrides',have,"request.overrides (src/request.rs, engine.rs)",partial,"schema overrides only (eve4 draft a08d943: works, no dedicated MCP test)",have,show-info override editor (e2e tools/e2e.mjs: 'attribute override raises weapon dps'),
ENG-CORE-006,ENG-CORE,Full modified attribute dump per item,All modified attributes of ship/module/charge/drone/fighter (item stats Attributes tab),gui/builtinItemStatsViews/itemAttributes.py,have,options.include_attributes (stats.rs attributes),partial,get_type gives base attrs; fitted values only via compute_fit include_attributes,have,Market show info with fitted values,
ENG-CORE-007,ENG-CORE,Attribute modifier sources (Affected by),"Per attribute: which items/skills modified it, operator, value; skill affectors context menu",gui/builtinItemStatsViews/itemAffectedBy.py; gui/builtinContextMenus/skillAffectors.py,missing,options.sources parsed but unused (MPF A6; rg '.sources' src/ 0 hits),missing,no tool exposes modifier sources (src/ grep 'affected' 0),missing,no Affected-by tab (src/ grep 'affected' 0),
ENG-CORE-008,ENG-CORE,Dependants view,Which attributes/items an item affects (itemDependants),gui/builtinItemStatsViews/itemDependants.py,missing,no reverse-modifier output,missing,grep dependants 0,missing,grep dependants 0,
ENG-CORE-009,ENG-CORE,Alpha clone restrictions,Alpha clone skill caps (alphaCloneID) on character,eos/saveddata/character.py (alphaCloneID); gui/characterEditor.py,missing,request has no clone state; rg alpha src/ 0,missing,only pirate-set names match 'alpha',missing,Character.tsx has All 0/4/5/custom only,
ENG-MOD-001,ENG-MOD,Module states,"offline/online/active/overheated with per-state effect application, canHaveState/isValidState/getMaxState","eos/saveddata/module.py (isValidState, canHaveState, getMaxState, getProposedState)",have,"B19 overheat_order*, e_fz_offline_* (FZ)",have,schema modules[].state,partial,click/right-click state cycle; no e2e check (eve4 a08d943),
ENG-MOD-002,ENG-MOD,Charges / ammo,"Loaded charge modifies module; charge capacity, numCharges, valid charges per launcher/turret","module.py (charge, getValidCharges, isValidCharge, numCharges)",have,"B19 esf_charges*, validation CHARGE_GROUP/SIZE/CAPACITY (stats.rs validate)",have,suggest_charges tool,have,charge picker,
ENG-MOD-003,ENG-MOD,Change ammo for all same modules,moduleAmmoChange (ammoChangeAll setting),gui/builtinContextMenus/moduleAmmoChange.py; settings ammoChangeAll,n/a,UI feature,partial,what_if can set charges per module,partial,per-module only (Fitting.tsx),
ENG-MOD-004,ENG-MOD,Reload time / factor reload,DPS/cap with reload factored (factorReload pref + context menu),"module.py (reloadTime, forceReload); gui/builtinContextMenus/factorReload.py",have,options.factor_reload; B19 sustain_reload_*; CAP reload 8/8,have,options passthrough,partial,options tab; no e2e (a08d943),
ENG-MOD-005,ENG-MOD,Spool-up weapons/remote reps,"Triglavian disintegrators, mutadaptive reps: spool type/amount; default spool pref; per-module spool menu",module.py (getSpoolData); gui/builtinContextMenus/moduleSpool.py; eos/utils/spoolSupport.py,have,"B19 esf_spool*, CAP spool 6/6, modules[].spool, options.default_spool",partial,"FitRequest spool (eve4 draft a08d943: works, no dedicated MCP test)",have,per-module spool (e2e tools/e2e.mjs: 'per-module spool 0% lowers disintegrator dps'),
ENG-MOD-006,ENG-MOD,Overheat bonuses,Overheated state bonuses (heat damage modelled separately),module.py; effects overload*,have,"B19 overheat_order*, CAP overheat 15/15, FZ e_fz_capsim_overheat_*",have,state overheated,have,state toggle,
ENG-MOD-007,ENG-MOD,Heat column (heat generation/damage),"Heat per module column (heatDamage, heatAbsorbtionRateModifier)",gui/builtinViewColumns/heat.py,missing,no heat model (MPF A7),missing,not exposed,missing,no heat column,
ENG-MOD-008,ENG-MOD,Mutated / abyssal modules,"Mutaplasmid rolls per attribute, base type, mutator; mutated drones","eos/saveddata/mutatedMixin.py, mutator.py",have,"MUT 86/93 (mm_*, mwd_*, edge_*, drone_* pass; 7 combo_/slot_ booster/implant cases fail, see ENG-IMP-004)",partial,"FitRequest mutation (eve4 draft a08d943: works, no dedicated MCP test)",have,"sliders (e2e tools/e2e.mjs: 'mutated module imported', 'mutated module EFT round trip')",
ENG-MOD-009,ENG-MOD,Mutation stats view,Item stats Mutator tab: roll range/percentage per attribute,gui/builtinItemStatsViews/itemMutator.py; gui/builtinContextMenus/itemMutations.py,partial,F returns modified values; no roll-range output,missing,no mutaplasmid range output (src/ grep mutaplasmid 0),have,slider UI shows ranges,
ENG-MOD-010,ENG-MOD,Module ranges,"Optimal/falloff, missile range (incl. Pyfa missileMaxRangeData lower/upper chance)","module.py (maxRange, falloff, missileMaxRangeData, calculateRange)",partial,stats.rs optimal_m/falloff_m/max_range_m; missile range-chance pair not output,have,via compute_fit,have,maxRange column,
ENG-MOD-011,ENG-MOD,Capacitor use per module,"capUse incl. reactivation delay, cycle time","module.py (capUse, rawCycleTime, reactivationDelay, disallowRepeatingAction)",have,stats.rs modules cycle_time_ms/use; CAP 147/150,have,via compute_fit,have,capacitorUse column,
ENG-MOD-012,ENG-MOD,Breacher pods,Pure-damage breachers (% HP + flat cap) DPS,"module.py (isBreacher, getVolleyParameters)",partial,B19 breacher_kestrel fails: weapon_pure_dps got 0 want 250 (probe),partial,depends on engine,partial,depends on engine,
ENG-MOD-013,ENG-MOD,Module variations / meta swap,"Switch module to meta variation (itemVariationChange), market group siblings",gui/builtinContextMenus/itemVariationChange.py; service/market.py (getVariationsByItems),missing,no variation lookup over RPC (MPF E2),have,get_type same_group variations (src/server.ts:145); suggest_modules,missing,no variations window (a08d943 §1 gaps),
ENG-MOD-014,ENG-MOD,Module position / rack handling,"Slot positions, rack labels, empty slot placeholders","module.py (modPosition, buildEmpty, buildRack)",n/a,fit model concern,partial,order preserved in EFT,have,Fitting.tsx slots,
ENG-SHIP-001,ENG-SHIP,T3D tactical modes,Mode item applies bonuses; shipModeChange menu,"eos/saveddata/mode.py; ship.py (modes, validateModeItem); gui/builtinContextMenus/shipModeChange.py",have,"B19 esf_tactical*, request.mode",partial,"mode_type_id (eve4 draft a08d943: works, no dedicated MCP test)",partial,mode selector; no e2e (a08d943),
ENG-SHIP-002,ENG-SHIP,T3C subsystems,"Subsystem slot, slot/hardpoint additions",eos/effects.py (subsystem effects); fit.py getNumSlots,have,"B19 esf_slots*, Slot::Subsystem in validate",partial,"subsystems (eve4 draft a08d943: works, no dedicated MCP test)",partial,subsystem slots; no e2e (a08d943),
ENG-SHIP-003,ENG-SHIP,Structures / citadels,"Citadel fits, service slots, structure rigs, standup modules, fuel",eos/saveddata/citadel.py; fit.py isStructure,have,"B19 esf_structure*, standup_*",have,structures supported (src/ grep citadel 8 files),have,structures,
ENG-SHIP-004,ENG-SHIP,Pilot security status,Security-status dependent effects (e.g. Pirate faction / Concord),fit.py getPilotSecurity; gui/builtinContextMenus/fitPilotSecurity.py,have,B19 esf_security_status; character security,partial,"character.security_status (eve4 draft a08d943: works, no dedicated MCP test)",partial,Character page; no e2e (a08d943),
ENG-SHIP-005,ENG-SHIP,System security,"High/low/null/WH system effects (e.g. Cynosural, Upwell modules)",fit.py getSystemSecurity; gui/builtinContextMenus/fitSystemSecurity.py,have,environment.system_security; B19 esf_security,have,schema environment,have,environment security,
ENG-SHIP-006,ENG-SHIP,Ship traits / role bonuses,Traits text per ship,gui/builtinItemStatsViews/itemTraits.py,partial,type RPC returns data; traits text not checked,have,get_ship,have,Market show info traits,
ENG-DRN-001,ENG-DRN,Drones: active/inactive stacks,"Drone stacks with amount/active count, bandwidth, bay, release/store limits","eos/saveddata/drone.py; fit.py getReleaseLimitForDrone, getStoreLimitForDrone",have,"B19 drones_*, DRONE_BANDWIDTH validation",have,schema drones,have,drone pane,
ENG-DRN-002,ENG-DRN,Drone DPS/volley/mining/RR,"Per-drone damage, mining, remote reps","drone.py getDps, getMiningYPS, getRemoteReps",partial,dps/volley have; drone mining and drone RR outgoing missing (MPF A1/A2),partial,engine,partial,engine,
ENG-DRN-003,ENG-DRN,Drone EHP and shield regen columns,droneEhp/droneRegen view columns,"gui/builtinViewColumns/droneEhp.py, droneRegen.py; drone.py hp/ehp/calculateShieldRecharge",missing,drone rows have no hp/ehp (MPF A4),missing,not exposed,missing,no column,
ENG-DRN-004,ENG-DRN,Drone speed/range/sig,"Drone max velocity, optimal, falloff, control range","drone.py maxRange, falloff",have,FZ e_fz_drone_speed_* 2/2; stats.rs control_range_m,have,engine,have,drone pane,
ENG-DRN-005,ENG-DRN,Split/merge drone stacks,droneAddStack/SplitStack,"gui/builtinContextMenus/droneAddStack.py, droneSplitStack.py",n/a,fit-model op,partial,what_if edits,partial,amount edit only,
ENG-FTR-001,ENG-FTR,Fighters squadrons,"Fighter tubes, squadron size, light/heavy/support slots, bay",eos/saveddata/fighter.py; fit.py fighterTubesUsed,have,"B19 fighters_*, stats.rs fighter_tubes/squadron_size",have,schema fighters,have,fighter pane,
ENG-FTR-002,ENG-FTR,Fighter abilities,"Per-ability on/off (attack, missiles, bombs, MWD, MJD, evasive, ECM, web, point, neut)",eos/saveddata/fighterAbility.py; gui/builtinContextMenus/fighterAbilities.py,have,"B19 fighters_*, pfighter_*",partial,"FitRequest abilities (eve4 draft a08d943: works, no dedicated MCP test)",have,Pyfa-default abilities (e2e tools/e2e.mjs: 'disabling an attack ability lowers fighter dps'),
ENG-FTR-003,ENG-FTR,Fighter DPS per effect,Volley/DPS per ability incl. bomb cycles,"fighter.py getDpsPerEffect, getCycleParametersPerEffect*",have,stats.rs fighter_dps; B19 fighters_*,have,engine,have,engine,
ENG-FTR-004,ENG-FTR,Fighter EHP / regen,fighter.py hp/ehp/calculateShieldRecharge,"fighter.py hp, ehp",missing,not in output,missing,-,missing,-,
ENG-IMP-001,ENG-IMP,Implants,"Implant slots, set bonuses (pirate sets multiply)",eos/saveddata/implant.py,have,B19 implants_*,have,schema implants; implant_set presets,have,implant pane,
ENG-IMP-002,ENG-IMP,Character implants vs fit implants,"implantSource (fit or character), useCharacterImplantsByDefault","fit.py implantSource, appliedImplants",missing,implants only per request,missing,-,missing,implants per fit only,
ENG-IMP-003,ENG-IMP,Boosters and side effects,"Booster slots, side effects toggles (boosterSideEffects menu)","eos/saveddata/booster.py, boosterSideEffect.py; gui/builtinContextMenus/boosterSideEffects.py",have,"B19 booster_se_* (7), booster_*",partial,"FitRequest side_effects (eve4 draft a08d943: works, no dedicated MCP test)",have,side effects (e2e tools/e2e.mjs: 'booster side effect lowers armor HP'),
ENG-IMP-004,ENG-IMP,Implant/booster slot conflicts,Same-slot implants/boosters: Pyfa keeps first; boosters slot rules,fit.py; service/fit.py addImplant/addBooster (replace by slot),partial,"MUT combo_two_boosters_dda, slot_booster_* (3), slot_implant_* (2) fail on F (probe 86/93)",partial,engine,partial,engine,
ENG-IMP-005,ENG-IMP,Implant sets (saved + precalculated),"Implant Set Editor, apply/save set to fit, precalc faction sets","eos/saveddata/implantSet.py; service/implantSet.py; service/precalcImplantSet.py; gui/setEditor.py; gui/builtinContextMenus/implantSetApply.py, implantSetSave.py",missing,implants: [type_id] only (MPF C2),have,list_presets implant_set (src/profiles.ts),have,"SDE + saved sets (e2e tools/e2e.mjs: 'implant set applied (6 Snake + kept RP-905, faster)')",
ENG-CAP-001,ENG-CAP,Capacitor capacity/recharge/peak,"capacitorCapacity, recharge time, peak recharge, capUsed, capDelta","fit.py capUsed, capRecharge, capDelta, calculateCapRecharge",have,CAP capacity/recharge/peak 150/150,have,engine,have,Stats capacitor,
ENG-CAP-002,ENG-CAP,"Capacitor simulation (stable %, lasts)","Event sim with stagger, reload, injectors, max time","eos/capSim.py; fit.py simulateCap, getCapSimData",have,CAP 147/150 (f5b709f); 150/150 on variant-f-capfix 9bf10a4,have,options.cap_sim,have,Stats capacitor,
ENG-CAP-003,ENG-CAP,Cap injectors / boosters,"Charges inject cap, reload",capSim.py; module charges,have,CAP injectors 14/14,have,engine,have,engine,
ENG-CAP-004,ENG-CAP,Own neuts/nos in cap sim,"Own neutralizer use, nosferatu gain (incl. no-target option)",fit.py addDrain/getCapRegenGainFromMod,have,CAP own_neut_nos 10/10; options.nos_no_target_cap,have,engine,have,engine,
ENG-CAP-005,ENG-CAP,Incoming neut / remote cap in sim,Projected neuts/nos/cap transfers into cap sim,"fit.py addDrain, iterDrains",partial,"CAP incoming 15/16, hard 12/14 (void bombs) on f5b709f; fixed on variant-f-capfix 9bf10a4",have,engine,have,engine,
ENG-CAP-006,ENG-CAP,Capacitor graph data (cap over time),capacitor vs time series,graphs/data/fitCapacitor,partial,graphs-g4 only (GRF-CAP-*),partial,sweep tool not time-series,have,Graphs capacitor,
ENG-DEF-001,ENG-DEF,HP and resists per layer,Shield/armor/hull HP and EM/Th/Kin/Ex resonance,fit.py hp; resistancesViewFull,have,"B19 all cases (hp.*, resonance)",have,engine,have,Stats defense,
ENG-DEF-002,ENG-DEF,EHP vs damage pattern,Effective HP vs selected damage pattern; raw/effective toggle,fit.py ehp; damagePattern,have,B19 dmgpattern_*,have,damage_pattern,have,Profiles,
ENG-DEF-003,ENG-DEF,Tank: active/sustained/reinforced,"Active shield boost, armor/hull repair, passive regen; sustainable (cap) and effective","fit.py tank, effectiveTank, sustainableTank, calculateSustainableTank; rechargeViewFull",have,stats.rs tank raw/sustained/sustained_effective; B19 sustain_*,have,engine,have,Stats,
ENG-DEF-004,ENG-DEF,Reactive armor hardener sim,RAH adaptation to damage pattern; resistMode/moduleRahPattern,eos/effects.py (Effect4928 adaptive armor hardener); gui/builtinContextMenus/moduleRahPattern.py,have,"B19 esf_reactive_armor, dmgpattern_rah; options.rah",have,engine,partial,options tab RAH; no e2e (a08d943),
ENG-DEF-005,ENG-DEF,Ancillary repairers (charged),"AAR/ASB with paste/charges, reload",effects; module charges,have,"B19 esf_ancillary*, proj_aar_*",have,engine,have,engine,
ENG-DEF-006,ENG-DEF,Shield recharge peak,calculateShieldRecharge peak passive regen,fit.py calculateShieldRecharge,have,stats.rs passive_shield,have,engine,have,Stats,
ENG-DEF-007,ENG-DEF,Incoming remote reps in tank,Projected RR applied to sustained tank,fit.py getRemoteReps (incoming via projected),have,stats.rs incoming RR (MPF); B19 proj_ars/rar/rsb,have,engine,have,engine,
ENG-OFF-001,ENG-OFF,Weapon DPS/volley,"Turrets, missiles, smartbombs, bombs per module; with spool and reload",module.py getVolley/getDps/getCycleParametersForDps; fit.py getWeaponDps,have,B19 (weapon_dps/volley all),have,engine,have,Stats offense,
ENG-OFF-002,ENG-OFF,Drone and fighter DPS totals,"fit.py getDroneDps/Volley, total",fit.py getTotalDps,have,"B19 drone_dps, fighter_dps",have,engine,have,Stats,
ENG-OFF-003,ENG-OFF,DPS vs target profile (applied),Resist-aware DPS vs target profile,fit.py calculateWeaponDmgStats; targetProfile,have,stats.rs vs_target_profile,have,evaluate_profiles,have,Profiles,
ENG-OFF-004,ENG-OFF,Doomsdays / superweapons,Doomsday damage,effects; stats,have,stats.rs doomsday (engine.rs); covered in B19 exct_avatar?,have,engine,have,engine,
ENG-OFF-005,ENG-OFF,Spool min/max/current DPS display,firepowerViewFull spool-up tooltip (min/max),gui/builtinStatsViews/firepowerViewFull.py,partial,single spool value per request; min/max need two calls,partial,what_if,partial,spool option,
ENG-OFF-006,ENG-OFF,Mining yield (modules + drones),"m3/s mining and drain (residue), mining panel","fit.py minerYield, droneYield, minerDrain, totalYield; miningyieldViewFull",missing,"no mining key in calc output (MPF A1, rg mining stats.rs 0)",missing,no mining metric (src/ grep mining 0),partial,"Stats.tsx shows st.mining only if backend provides (D ts-worker), not F",
ENG-OFF-007,ENG-OFF,Bombing panel,Bombs needed per bomb type vs target,gui/builtinStatsViews/bombingViewFull.py,missing,MPF A3,missing,-,missing,-,
ENG-OFF-008,ENG-OFF,Ammo to damage pattern,Create damage pattern from loaded ammo,gui/builtinContextMenus/ammoToDmgPattern.py,n/a,UI over type attrs,missing,-,missing,grep ammo pattern 0,
ENG-NAV-001,ENG-NAV,"Speed, align, agility, mass, sig","Max velocity, align time, agility, signature","fit.py maxSpeed, alignTime",have,B19 max_velocity/align_time_s,have,engine,have,Stats navigation,
ENG-NAV-002,ENG-NAV,Warp speed and max warp distance,"warpSpeed, maxWarpDistance (cap)","fit.py warpSpeed, maxWarpDistance",have,"stats.rs warp_speed_au_s, max_warp_distance_au",have,engine,have,Stats,
ENG-NAV-003,ENG-NAV,Warp core strength / scram status,Warp scramble status,targetingMiscViewMinimal (Warp Core Strength),have,stats.rs warp_scramble_status,have,engine,have,Stats,
ENG-NAV-004,ENG-NAV,Propulsion mods (AB/MWD/MJD/bastion/siege),"Speed boosts, sig bloom, MJD; cloaks/WCS penalties",effects,have,B19 + FZ e_fz_cloak_wcs_*,have,engine,have,engine,
ENG-TGT-001,ENG-TGT,Targeting stats,"Max targets, lock range, scan res, sensor strength/type","fit.py maxTargets, maxTargetRange, scanStrength, scanType",have,stats.rs targeting,have,engine,have,Stats targeting,
ENG-TGT-002,ENG-TGT,Lock time vs ship classes,Lock times vs Frigate…Carrier sigs (tooltip),targetingMiscViewMinimal; fit.py calculateLockTime,partial,lock_time_s vs target-profile sig only,partial,engine,have,Stats lock time,
ENG-TGT-003,ENG-TGT,ECM jam chance,% chance to be jammed (incoming ECM),fit.py jamChance,have,stats.rs jam_chance_percent; B19 ecm_*,have,engine,have,Stats,
ENG-TGT-004,ENG-TGT,Probe size / scan,Probe size,fit.py probeSize,have,stats.rs probe_size,have,engine,have,Stats,
ENG-TGT-005,ENG-TGT,Drone control range,droneControlRange,targetingMisc,have,stats.rs control_range_m,have,engine,have,Stats,
ENG-TGT-006,ENG-TGT,Cargo and special holds,"Cargo, ore/fuel/fleet/ammo/... holds volumes",targetingMiscViewMinimal (holds list),partial,stats.rs cargo capacity; special holds not all output,partial,engine,partial,cargo only,
ENG-PROJ-001,ENG-PROJ,Projected modules,"Remote modules (webs, TP, neut, nos, ECM, damp, TD, GD, RR, cap transfer) on the fit",fit.py projectedModules; gui/builtinContextMenus/itemProject.py,have,B19 proj_* (30),partial,"FitRequest projected (eve4 draft a08d943: works, no dedicated MCP test)",have,Projected tab (e2e tools/e2e.mjs: 'projected web slows the ship'),
ENG-PROJ-002,ENG-PROJ,Projected drones / fighters,"Drones/fighters projected, amounts",fit.py projectedDrones/Fighters,have,"B19 proj_*drone*, pfighter_* (6)",partial,"FitRequest projected (eve4 draft a08d943: works, no dedicated MCP test)",have,projected,
ENG-PROJ-003,ENG-PROJ,Projected fits,"Whole fits projected (with amount, active)","fit.py projectedFits, getProjectionInfo",have,B19 projfit_* (10),partial,"projected[kind=fit] (eve4 draft a08d943: works, no dedicated MCP test)",partial,nested toRequest (fit/model.ts); no e2e (a08d943),
ENG-PROJ-004,ENG-PROJ,Projection range (distance),Range-dependent strength (falloff) for projected items,itemProjectionRange context menu; projectionRange column,have,projected distance; B19 *_falloff,have,engine,have,projected distance,
ENG-PROJ-005,ENG-PROJ,Burst projectors / AoE / doomsday AoE,"Burst jammers, AoE structure modules",effects,have,"B19 esf_burst*, aoe_* (5), ecm_burst",have,engine,have,engine,
ENG-PROJ-006,ENG-PROJ,Outgoing remote reps / cap transfer stats,Outgoing shield/armor/hull/cap per s (with spool),fit.py getRemoteReps; gui/builtinStatsViews/outgoingViewFull.py,missing,no outgoing key in calc (MPF A2); only shipstats export uses remote_reps (formats.rs:1529),missing,-,partial,Stats 'Remote assistance' section only when backend provides,
ENG-PROJ-007,ENG-PROJ,Bombs vs cap (void bomb),Void bomb neut projection,effects,partial,"CAP in_void_bomb, hard_*void_bomb* fail on f5b709f; fixed 9bf10a4",partial,engine,partial,engine,
ENG-PROJ-008,ENG-PROJ,Target resists column / ignore resists,targetResists column,gui/builtinViewColumns/targetResists.py,partial,projected resist applied; no per-row output,missing,-,missing,-,
ENG-FLT-001,ENG-FLT,Command bursts / warfare buffs,Command burst modules + charges → warfare buffs (shield/armor/skirmish/info/mining),fit.py addCommandBonus; effects warfare*,have,"B19 fleet_*, esf_burst",partial,"fleet.buffs (eve4 draft a08d943: works, no dedicated MCP test)",have,buff editor (e2e tools/e2e.mjs: 'manual fleet buff raises shield resist'),
ENG-FLT-002,ENG-FLT,Command fits (booster fits),Other fits as command boosters; strongest-wins,"fit.py commandFits, getCommandInfo; gui/builtinContextMenus/commandFitAdd.py",have,booster_fits; B19 fleet_two_boosters; stats strongest,partial,"fleet.booster_fits (eve4 draft a08d943: works, no dedicated MCP test)",partial,booster-fit picker; no e2e (a08d943),
ENG-ENV-001,ENG-ENV,Wormhole effects,Pulsar/Magnetar/Black hole/WR/Cataclysmic/Red giant classes 1-6,fit.py systemEffect; envEffectAdd,have,B19 env_* (8),partial,"environment (eve4 draft a08d943: works, no dedicated MCP test)",have,environment,
ENG-ENV-002,ENG-ENV,Abyssal weather,Electric/Caustic/Darkness/Infernal/Xenon/… + tiers,envEffectAdd,have,B19 weather_* (6),partial,"environment (eve4 draft a08d943: works, no dedicated MCP test)",have,environment,
ENG-ENV-003,ENG-ENV,Incursion / Drifter / metaliminal / filament clouds,"Incursion effects, Drifter, cloud filaments",envEffectAdd,have,"B19 incursion_* (3), cloud_* (3)",partial,"environment (eve4 draft a08d943: works, no dedicated MCP test)",have,environment,
ENG-ENV-004,ENG-ENV,Beacons / location bonus,Beacons and location effects,effects,have,"B19 esf_beacons, esf_location_bonus_not_on",partial,"environment (eve4 draft a08d943: works, no dedicated MCP test)",have,beacon selector (e2e tools/e2e.mjs: 'environment beacon applied'),
ENG-VAL-001,ENG-VAL,Resources overflow,CPU/PG/calibration/bandwidth over limit,"fit.py cpuUsed, pgUsed, calibrationUsed, droneBandwidthUsed",have,validate CPU/POWER/CALIBRATION/DRONE_BANDWIDTH; FZ e_fz_cpu_round_tie_*,have,validate_fit,have,Problems section,
ENG-VAL-002,ENG-VAL,Slots and hardpoints,"Slots per rack, turret/launcher hardpoints","fit.py getSlotsUsed, getHardpointsUsed",have,"SLOTS_EXCEEDED, TURRET/LAUNCHER_HARDPOINTS",have,validate_fit,have,Fitting,
ENG-VAL-003,ENG-VAL,canFit restrictions,"canFitShipGroup/Type, rig size, maxGroupFitted/Online/Active, maxTypeFitted",module.py fits; fit.py canFit,have,"SHIP_RESTRICTION, RIG_SIZE, MAX_GROUP_*, MAX_TYPE_FITTED",have,validate_fit,have,Problems,
ENG-VAL-004,ENG-VAL,Missing skills (prereqs),Required skills per item vs character,service/prereqsCheck.py; itemRequirements view,have,MISSING_SKILL,have,skill_requirements,have,missing/train-required skills,
ENG-VAL-005,ENG-VAL,Disable fitting restrictions,Toggle ignore restrictions (mainMenu),gui/mainMenuBar.py 'Disable Fitting Restrictions',have,"violations reported, never block",have,allow_violations,partial,fits always allowed; no strict mode toggle found,
ENG-VAL-006,ENG-VAL,Charge validity,Charge group/size/capacity,module.py isValidCharge,have,CHARGE_GROUP/SIZE/CAPACITY,have,validate_fit,have,charge picker filtered,
ENG-VAL-007,ENG-VAL,Fit-level special restrictions,"e.g. one cloak, max 1 per group, structure-only modules, T3D/T3C subsystem completeness",fit.py isInvalid; ship.py validate,partial,generic max-group checks; subsystem completeness not checked,partial,engine,partial,engine,
GRF-DMG-001,GRF,Damage stats graph,"dps/volley/damage vs distance, time, target speed (m/s, %), target sig (m, %); inputs attacker/target speed+angle, target profile or fit, ignore resists, apply projected, drone mobile mode",graphs/data/fitDamageStats/*; gui/builtinContextMenus/graphDmg*,partial,graphs-g4 (F + graph layer) GR2 178/178 native+wasm; not merged into variant-f-perf (MPF B1: 'eve-dogma-f graph' → usage); GR2 dmg_* 63 cases,missing,no graph tool; sweep (src/server.ts:578) gives x=sig/velocity/skill/distance series for calc metrics only,have,src/ui/Graphs.tsx engine graph on wasm-g4-worker (browser GR2 178/178 CI; e2e 'graph * (engine)'); default ts-worker backend uses UI approximations (a08d943 §9),
GRF-APP-001,GRF,Ammo application profile graph,"best ammo dps/volley vs distance, ammo picker, ammo quality","graphs/data/fitApplicationProfile; graphFitAmmoPicker, graphAmmoOptimal*",partial,graphs-g4 (F + graph layer) GR2 178/178 native+wasm; not merged into variant-f-perf (MPF B1: 'eve-dogma-f graph' → usage); GR2 app_* 10,missing,no graph tool; sweep (src/server.ts:578) gives x=sig/velocity/skill/distance series for calc metrics only,have,src/ui/Graphs.tsx engine graph on wasm-g4-worker (browser GR2 178/178 CI; e2e 'graph * (engine)'); default ts-worker backend uses UI approximations (a08d943 §9),
GRF-CAP-001,GRF,Capacitor graph,cap amount (GJ/%) and regen vs time / cap amount,graphs/data/fitCapacitor,partial,graphs-g4 (F + graph layer) GR2 178/178 native+wasm; not merged into variant-f-perf (MPF B1: 'eve-dogma-f graph' → usage); GR2 cap_* 13,missing,no graph tool; sweep (src/server.ts:578) gives x=sig/velocity/skill/distance series for calc metrics only,have,src/ui/Graphs.tsx engine graph on wasm-g4-worker (browser GR2 178/178 CI; e2e 'graph * (engine)'); default ts-worker backend uses UI approximations (a08d943 §9),
GRF-ECM-001,GRF,ECM/burst/scan-res/damps graph,source damage / target lock time / lock uptime vs target DPS or scan res,graphs/data/fitEcmBurstScanresDamps,partial,graphs-g4 (F + graph layer) GR2 178/178 native+wasm; not merged into variant-f-perf (MPF B1: 'eve-dogma-f graph' → usage); GR2 ecm_* 10,missing,no graph tool; sweep (src/server.ts:578) gives x=sig/velocity/skill/distance series for calc metrics only,missing,no ecm_burst graph / extra inputs in web (a08d943 §9 gaps),
GRF-EWAR-001,GRF,EWAR stats graph,"neut, web %, ECM, damp lock range %, TD optimal %, GD range %, TP % vs distance",graphs/data/fitEwarStats,partial,graphs-g4 (F + graph layer) GR2 178/178 native+wasm; not merged into variant-f-perf (MPF B1: 'eve-dogma-f graph' → usage); GR2 ewar_* 21,missing,no graph tool; sweep (src/server.ts:578) gives x=sig/velocity/skill/distance series for calc metrics only,have,src/ui/Graphs.tsx engine graph on wasm-g4-worker (browser GR2 178/178 CI; e2e 'graph * (engine)'); default ts-worker backend uses UI approximations (a08d943 §9),
GRF-LOCK-001,GRF,Lock time graph,lock time vs target sig,graphs/data/fitLockTime; graphLockRange,partial,graphs-g4 (F + graph layer) GR2 178/178 native+wasm; not merged into variant-f-perf (MPF B1: 'eve-dogma-f graph' → usage); GR2 lock_* 7,partial,sweep target_signature + lock metric,have,src/ui/Graphs.tsx engine graph on wasm-g4-worker (browser GR2 178/178 CI; e2e 'graph * (engine)'); default ts-worker backend uses UI approximations (a08d943 §9),
GRF-MOB-001,GRF,Mobility graph,"speed, distance, momentum, bump speed/distance vs time",graphs/data/fitMobility,partial,graphs-g4 (F + graph layer) GR2 178/178 native+wasm; not merged into variant-f-perf (MPF B1: 'eve-dogma-f graph' → usage); GR2 mob_* 10,missing,no graph tool; sweep (src/server.ts:578) gives x=sig/velocity/skill/distance series for calc metrics only,have,src/ui/Graphs.tsx engine graph on wasm-g4-worker (browser GR2 178/178 CI; e2e 'graph * (engine)'); default ts-worker backend uses UI approximations (a08d943 §9),
GRF-RR-001,GRF,Remote reps graph,RR HP/s and total vs distance/time (spool),graphs/data/fitRemoteReps,partial,graphs-g4 (F + graph layer) GR2 178/178 native+wasm; not merged into variant-f-perf (MPF B1: 'eve-dogma-f graph' → usage); GR2 rr_* 9,missing,no graph tool; sweep (src/server.ts:578) gives x=sig/velocity/skill/distance series for calc metrics only,have,src/ui/Graphs.tsx engine graph on wasm-g4-worker (browser GR2 178/178 CI; e2e 'graph * (engine)'); default ts-worker backend uses UI approximations (a08d943 §9),
GRF-SHLD-001,GRF,Shield regen graph,shield amount/regen (HP/EHP) vs time / amount,graphs/data/fitShieldRegen,partial,graphs-g4 (F + graph layer) GR2 178/178 native+wasm; not merged into variant-f-perf (MPF B1: 'eve-dogma-f graph' → usage); GR2 shield_* 5,missing,no graph tool; sweep (src/server.ts:578) gives x=sig/velocity/skill/distance series for calc metrics only,have,src/ui/Graphs.tsx engine graph on wasm-g4-worker (browser GR2 178/178 CI; e2e 'graph * (engine)'); default ts-worker backend uses UI approximations (a08d943 §9),
GRF-WARP-001,GRF,Warp time graph,warp time vs distance (AU/km),graphs/data/fitWarpTime,partial,graphs-g4 (F + graph layer) GR2 178/178 native+wasm; not merged into variant-f-perf (MPF B1: 'eve-dogma-f graph' → usage); GR2 warp_* 8,missing,no graph tool; sweep (src/server.ts:578) gives x=sig/velocity/skill/distance series for calc metrics only,have,src/ui/Graphs.tsx engine graph on wasm-g4-worker (browser GR2 178/178 CI; e2e 'graph * (engine)'); default ts-worker backend uses UI approximations (a08d943 §9),
GRF-UI-001,GRF,Graph frame features,"multiple source fits and targets in one graph, target profiles as targets, legend, colors/line styles, export? (Pyfa: copy/save image)","graphs/gui/frame.py, lists.py, canvasPanel.py",n/a,UI,n/a,-,missing,no multi-fit overlay or graph target fits (a08d943 §9 gaps),
CHR-001,CHR,All 0 / All 5 built-in characters,Default characters with all skills 0 or 5,"service/character.py (all0, all5)",have,character.skills.default_level,have,default all V; skills param,have,All 5/4/0,
CHR-002,CHR,"Custom characters (per-skill levels, save/rename/copy/delete)",Character editor,gui/characterEditor.py; service/character.py,partial,per-request levels only (MPF C1),partial,skills map per call; no saved characters,have,Character.tsx custom levels (e2e tools/e2e.mjs: 'custom character (all 0) lowers dps'),
CHR-003,CHR,Import character from ESI (SSO),Fetch skills via ESI for logged-in character,service/esi.py; eos/saveddata/ssocharacter.py; gui/ssoLogin.py,n/a,"ruling 2026-10-03: ESI login/character fetch is a web-frontend job (owner eve4, later); engine input = character.skills/security (request.rs) — have",n/a,web frontend first; MCP may later accept the same skills input (already does: skills param),missing,"missing — web frontend, later (eve4)","eve-fit-web (eve4), later; engine owns the character/skill input format"
CHR-004,CHR,Import character file (EVEMon/XML),Import skills from XML (EVEMon / API char sheet),service/character.py importCharacter; gui/mainMenuBar.py 'Import Character File',missing,-,missing,-,missing,-,
CHR-005,CHR,Export skills needed (EVEMon plan),Export required skills for fit as EVEMon plan,eos/saveddata/character.py / service/character.py exportText; mainMenu 'Export Skills Needed',partial,MISSING_SKILL list,partial,"skill_requirements (list, no plan export)",partial,"missing skills list, no export",
CHR-006,CHR,Character implants,Implants on the character applied to all fits,eos/saveddata/character.py implants,missing,-,missing,-,missing,-,
CHR-007,CHR,Security status on character,secStatus,character.py secStatus,have,character security,have,schema,have,Character.tsx,
CHR-008,CHR,Skill prerequisites tree / requirements view,Item stats Requirements tab with levels,gui/builtinItemStatsViews/itemRequirements.py,partial,type RPC?,have,skill_requirements,have,Market show info required skills,
CHR-009,CHR,Skill planner needs (train time),Pyfa shows missing skills; train time via SP/attributes (planner-adjacent),characterEditor skill tree,missing,no SP/train time,missing,-,partial,train-required skills list,
PRC-001,PRC,Market price fetch with sources,"fuzzwork, evemarketdata, evetycoon, cevemarket; price system (Jita…); caching, timeouts",service/price.py; service/marketSources/*,missing,offline engine (MPF A5: price → UNKNOWN_METHOD),missing,src/ grep price 0,partial,src/data/prices.ts ESI average/adjusted only; no source/system choice,
PRC-002,PRC,Price stats panel,Ship/fittings/drones/cargo/character totals; include drones/cargo/character toggles,gui/builtinStatsViews/priceViewFull.py; settings MarketPriceSettings,missing,-,missing,-,have,PriceBox.tsx (e2e tools/e2e.mjs: 'fit price from ESI'),
PRC-003,PRC,Price column per item,price column,gui/builtinViewColumns/price.py,missing,-,missing,-,missing,no per-row price,
PRC-004,PRC,Optimize fit price,Replace items by cheaper equivalents (Fit menu),gui/mainFrame.py optimizeFitPrice; gui/copySelectDialog.py (multibuy OPTIMIZE_PRICES),missing,-,missing,"optimize_fit optimizes stats, not price",missing,-,
PRC-005,PRC,Price options context menu,priceOptions (what to include),gui/builtinContextMenus/priceOptions.py,missing,-,missing,-,missing,-,
FMT-EFT-001,FMT,EFT import/export,"EFT text incl. offline, charges, drones/fighters x N, implants, boosters, cargo, mode, mutated",service/port/eft.py,have,FMT 4779/4779 native+wasm; eft_parse/eft_export,have,parse_fit/export_fit,have,src/fit/formats.ts parseEft/exportEft,
FMT-EFT-002,FMT,EFT config (.cfg) import,EFT cfg file import,service/port/eft.py importEftCfg,have,format_import eftcfg,missing,not in parse_fit,missing,-,
FMT-EFT-003,FMT,EFT export options,Implants/mutations/cargo/loaded charges toggles (copySelectDialog),gui/copySelectDialog.py; port/eft.py options,partial,fixed export shape,partial,-,partial,-,
FMT-DNA-001,FMT,"DNA import/export (incl. alt, link)","ship DNA string, dna alt, fitting link",service/port/dna.py,have,FMT; format_import dna/dna_alt/dna_link,have,parse_fit/export_fit DNA,have,parseDna/exportDna,
FMT-ESI-001,FMT,ESI JSON import/export,ESI fitting JSON (exportCharges/Implants/Boosters settings),service/port/esi.py,have,format_export/import esi,partial,"lenient JSON in parse_fit, export_fit JSON (a08d943 §10)",have,exportEsi/parseEsi,
FMT-XML-001,FMT,XML import/export (EVE client),"Fittings XML, multiple fits, backup",service/port/xml.py,have,format_import/export xml,missing,-,missing,src/ grep xml 0,
FMT-MB-001,FMT,Multibuy export,Multibuy text,service/port/multibuy.py,have,format_export multibuy,have,export_fit multibuy,have,exportMultibuy,
FMT-SS-001,FMT,Ship stats (exportFitStats) text,Stats summary export,service/port/shipstats.py,have,format_export shipstats,partial,compute_fit summary (src/summary.ts) differs,missing,-,
FMT-EFS-001,FMT,EFS export,Eve Fitting Stats JSON,service/port/efs.py,missing,UNSUPPORTED_FORMAT efs (MPF D1),missing,-,missing,-,
FMT-MUTA-001,FMT,Mutated module text export/import,Copy mutated module text,service/port/muta.py; gui/builtinContextMenus/moduleMutatedExport.py,partial,inside EFT only (MPF D2),partial,inside EFT,partial,inside EFT,
FMT-HTML-001,FMT,HTML export of all fits,"Export fits to HTML (prefs path, options)",gui/utils/exportHtml.py; mainMenu 'Export All Fittings to HTML'; HTMLExport prefs,missing,-,missing,-,missing,-,
FMT-AUTO-001,FMT,"Auto-detect import, multi-fit buffers, files/folders","importAuto, importFitFromBuffer, importFitsFromFile (threaded)",service/port/port.py,partial,auto-detect one text (MPF D5),partial,parse_fit auto,partial,multi-EFT paste; no file/folder,
FMT-CLIP-001,FMT,Clipboard to/from,Fit menu To/From Clipboard,gui/mainMenuBar.py,n/a,host,n/a,-,have,ImportExport.tsx clipboard,
FMT-ADD-001,FMT,Additions export/import,"Export all/selection of drones/cargo/implants etc., import additions","gui/builtinContextMenus/additionsExportAll.py, additionsExportSelection.py, additionsImport.py",partial,EFT sections,missing,-,missing,-,
ESI-001,ESI,"SSO login, multiple characters","ssoLogin, Manage ESI Characters, token refresh, custom app/server settings",gui/ssoLogin.py; service/esiAccess.py; Esi prefs,n/a,"ruling 2026-10-03: ESI login/character fetch is a web-frontend job (owner eve4, later); engine input = character.skills/security (request.rs) — have",n/a,web frontend first; MCP may later accept the same skills input (already does: skills param),missing,"missing — web frontend, later (eve4)","eve-fit-web (eve4), later; engine owns the character/skill input format"
ESI-002,ESI,Browse/import ESI fittings,"List in-game fittings, import",gui/esiFittings.py,n/a,"ruling 2026-10-03: ESI login/character fetch is a web-frontend job (owner eve4, later); engine input = character.skills/security (request.rs) — have",n/a,web frontend first; MCP may later accept the same skills input (already does: skills param),missing,"missing — web frontend, later (eve4)","eve-fit-web (eve4), later; engine owns the character/skill input format"
ESI-003,ESI,Export fit to ESI / delete ESI fittings,"Upload fit, delete fitting",gui/esiFittings.py; service/esi.py,n/a,"ruling 2026-10-03: ESI login/character fetch is a web-frontend job (owner eve4, later); engine input = character.skills/security (request.rs) — have",n/a,web frontend first; MCP may later accept the same skills input (already does: skills param),missing,"missing — web frontend, later (eve4)","eve-fit-web (eve4), later; engine owns the character/skill input format"
DB-001,DB,Saved fits database,"Persist fits (sqlite saveddata), rename, delete, copy",eos/db/saveddata; service/fit.py,missing,stateless (MPF C5),missing,stateless,have,localStorage fit library (FitBrowser.tsx),
DB-002,DB,"Fit browser tree (by ship group/race, search)","shipBrowser categories, race filter, fit search",gui/shipBrowser.py; builtinShipBrowser/*,n/a,UI,n/a,-,have,FitBrowser grouped by ship group,
DB-003,DB,Backup all fits / restore,Backup all to XML,service/port/port.py backupFits,missing,-,missing,-,partial,"JSON library backup/restore, no e2e; no XML (a08d943 §11)",
DB-004,DB,Fit links (projected/command fits by reference),Projected/command fits reference saved fits; updates propagate,eos/saveddata/fit.py projectedFits/commandFits,partial,inline booster_fits/projected fits (MPF F2),partial,inline,have,projected/booster from library,
DB-005,DB,Fit notes,Notes pane per fit,gui/builtinAdditionPanes/notesView.py,n/a,n/a,missing,"src/fit.ts 'notes' are name-resolution notes, not fit notes",partial,"notes field, EFT comment export (a08d943 §2)",
DB-006,DB,Tabs / multiple open fits,Open fits in tabs; open in new tab,gui/mainFrame.py; fitOpenNewTab,n/a,UI,n/a,-,partial,single active fit + browser,
DB-007,DB,Undo/redo,fitCommands undo stack,gui/fitCommands/*,n/a,UI,n/a,-,have,App.tsx undo/redo,
DB-008,DB,Saved damage patterns / target profiles / implant sets / characters,User-editable profile libraries,"service/damagePattern.py, targetProfile.py, implantSet.py, character.py",missing,inline only,partial,list_presets read-only,have,Profiles.tsx custom + localStorage,
DB-009,DB,"Database prefs (saveddata path, cleanup)",Database pref view,gui/builtinPreferenceViews/pyfaDatabasePreferences.py,n/a,-,n/a,-,n/a,-,
PRF-DMG-001,PRF,Built-in damage patterns,"Uniform, EM/Th/Kin/Ex, NPC factions, ammo patterns",eos/saveddata/damagePattern.py BUILTINS,missing,numbers only (MPF C3),have,list_presets damage,have,presets,
PRF-DMG-002,PRF,Damage pattern editor / change,"patternEditor, damagePatternChange",gui/patternEditor.py; gui/builtinContextMenus/damagePatternChange.py,n/a,-,partial,pass custom numbers,have,Profiles custom,
PRF-TGT-001,PRF,Built-in target profiles,NPC/ship-class target profiles incl. infinite sig,eos/saveddata/targetProfile.py getBuiltinList,missing,numbers only (MPF C4),have,list_presets target,have,presets,
PRF-TGT-002,PRF,"Target profile editor (resists, sig, speed, radius)",targetProfileEditor,gui/targetProfileEditor.py,n/a,-,partial,custom numbers,have,Profiles custom,
MKT-001,MKT,Market browser tree,"Market groups, meta buttons (T1/T2/faction/…), empty group modes",gui/marketBrowser.py; builtinMarketBrowser/*,missing,search/type only (MPF E2),missing,"search only, no market tree (a08d943 §1)",partial,Market.tsx tree from market groups; no e2e (a08d943 §1),
MKT-002,MKT,Search with jargon/aliases,"jargon (mwd, lse, ab)",service/jargon/*,missing,name match only (MPF E1),have,search_types jargon/fuzzy,partial,EN/ZH substring search; no jargon (src/ grep jargon|alias 0),
MKT-003,MKT,Item stats: description/traits/attributes/effects/properties,"itemDescription, itemTraits, itemAttributes, itemEffects, itemProperties",gui/builtinItemStatsViews/*,partial,type RPC returns attributes/effects,have,get_type/get_ship,have,Show info,
MKT-004,MKT,Item compare view,Compare attributes across variations,gui/builtinItemStatsViews/itemCompare.py,missing,-,partial,"compare_fits (fits, not items)",missing,-,
MKT-005,MKT,Localized item names,Pyfa locales,locale/; service/market.py,partial,EN+ZH search (MPF E3),partial,EN/ZH,partial,"zh switch covers names + main labels, not every string (a08d943 §13)",
MKT-006,MKT,Market jump / ship jump,"itemMarketJump, shipJump","gui/builtinContextMenus/itemMarketJump.py, shipJump.py",n/a,UI,n/a,-,partial,not found,
UI-PANE-001,UI,Addition panes,"Drones, fighters, cargo, implants, boosters, projected, command, notes",gui/builtinAdditionPanes/*,n/a,-,n/a,-,have,Fitting.tsx panes,
UI-PANE-002,UI,Cargo add/fill ammo,"cargoAdd, cargoAddAmmo, cargoFill",gui/builtinContextMenus/cargo*.py,n/a,-,n/a,-,partial,cargo edit; no add-all-ammo,
UI-PANE-003,UI,Item amount change/fill/remove,"itemAmountChange, itemFill, itemRemove",gui/builtinContextMenus/item*.py,n/a,-,partial,what_if,have,amount edit,
UI-STAT-001,UI,Stats panels with Minimal/Full/hidden modes,StatView prefs per panel,service/settings.py StatViewSettings,n/a,-,n/a,-,partial,fixed layout,
UI-COL-001,UI,Fitting view columns,"abilities, ammo, capUse, dampScanRes, droneEhp, heat, maxRange, misc, price, projectionRange, sideEffects, state, targetResists…",gui/builtinViewColumns/*,n/a,-,n/a,-,partial,subset of columns,
UI-PREF-001,UI,Preferences,"General, ContextMenu, Engine (global reload, spool default, RAH, strict skill levels), StatView, Market, Network/proxy, HTML export, ESI, Update, Logging, Database",gui/builtinPreferenceViews/*,partial,engine options per request,partial,options passthrough,partial,EngineSettings.tsx reload/spool/RAH,
UI-CTX-001,UI,Context menu catalog (51 actions),See builtinContextMenus; most mapped to other items,gui/builtinContextMenus/*,n/a,-,n/a,-,partial,subset,
UI-MISC-001,UI,"Fleet/command pane, command link add",commandLinkAdd,gui/builtinContextMenus/commandLinkAdd.py,n/a,-,n/a,-,have,fleet booster fits,
SVC-001,SVC,Update check,Check GitHub releases (prerelease setting),service/update.py; gui/updateDialog.py,n/a,n/a for engine,n/a,engine_info versions,n/a,web deploys,
SVC-002,SVC,Network/proxy settings,Proxy modes,service/network.py; Network prefs,n/a,-,n/a,-,n/a,browser,
SVC-003,SVC,Logging / dev tools,"Logging prefs, widget inspect",gui/builtinPreferenceViews/pyfaLoggingPreferences.py; gui/devTools.py,partial,stderr,partial,metrics resource,n/a,-,
SVC-004,SVC,Data update (new SDE),Pyfa ships with SDE dumps per release,eos/db/gamedata; scripts/,partial,dataset compiled in at build (eve-sde-pipeline),have,eve://dataset/meta,have,dataset.ts,
SVC-005,SVC,Effect/attribute conversions,service/conversions (renamed items),service/conversions/*,missing,no rename map for imports,missing,-,missing,-,
GRF-OPT-001,GRF,Damage graph options,"Attacker/Target lists (fits or target profiles); inputs: distance, time, target speed/sig (abs and %), attacker speed/angle, target angle; checkboxes: apply projected (webs/TPs of source), ignore resists, drone mobile mode, (graphDmgApplyProjected/DroneMode/IgnoreResists), drone control range limit","graphs/data/fitDamageStats/graph.py; gui/builtinContextMenus/graphDmg*.py, graphDroneControlRange.py",partial,"graphs-g4: params ignore_resists, apply_projected, mobile_drone_mode (CONTRACT-GRAPHS 0.2 BAD_REQUEST enums); GR2 dmg_*",missing,no graph tool (a08d943 §9),partial,"Graphs.tsx: no attacker/target lists, no per-graph extra inputs (a08d943 §9 gaps)",
GRF-OPT-002,GRF,Capacitor graph options,"Starting cap amount, use capacitor simulator checkbox (useCapsim)",graphs/data/fitCapacitor/graph.py,partial,graphs-g4 GR2 cap_*,missing,-,partial,Graphs.tsx capacitor; options not exposed,
GRF-OPT-003,GRF,Mobility graph target inputs,Target mass / inertia factor for bump speed and distance,graphs/data/fitMobility/graph.py,partial,graphs-g4 GR2 mob_bump*,missing,-,partial,speed/distance only,
GRF-OPT-004,GRF,Remote reps graph options,"Reload ancillary RRs (ancReload), spool",graphs/data/fitRemoteReps/graph.py,partial,graphs-g4 GR2 rr_*,missing,-,partial,engine rr graph on g4,
GRF-OPT-005,GRF,ECM/burst graph options,"applyDamps, applyDrones",graphs/data/fitEcmBurstScanresDamps/graph.py,partial,"graphs-g4 GR2 ecm_*, err_ecm*",missing,-,missing,-,
GRF-OPT-006,GRF,EWAR graph target resistance option,Target resistance checkbox,graphs/data/fitEwarStats/graph.py,partial,graphs-g4 GR2 ewar_resist*,missing,-,partial,-,
GRF-OPT-007,GRF,Shield regen graph options,"Starting shield amount, effective HP toggle (isEffective)",graphs/data/fitShieldRegen/graph.py,partial,graphs-g4 GR2 shield_*,missing,-,partial,shield_pct/regen,
GRF-OPT-008,GRF,Lock range / ammo picker graph menus,"graphLockRange, graphFitAmmoPicker, graphAmmoOptimalApplyProjected/IgnoreResists",gui/builtinContextMenus/graph*.py,partial,graphs-g4 app_* params,missing,-,partial,-,
UI-STAT-RES,UI,Resources panel,"CPU, PG, calibration, drone bandwidth/bay, fighter bay, fighter squadrons active, drones active, turret/launcher hardpoints, cargo",gui/builtinStatsViews/resourcesViewFull.py,have,stats.rs resources/hardpoints/cargo,have,compute_fit summary (a08d943 §6),have,Stats.tsx Resources,
UI-STAT-RST,UI,Resistances panel,"Resist % per layer and type, HP per layer, EHP, raw/effective toggle, damage pattern selector, resist multiplier",gui/builtinStatsViews/resistancesViewFull.py,have,stats.rs resonance/hp/ehp,have,compute_fit detail full,have,Stats.tsx Defense,
UI-STAT-RCH,UI,Recharge panel,"Passive shield recharge, active shield boost, armor/hull repair: reinforced vs sustained",gui/builtinStatsViews/rechargeViewFull.py,have,stats.rs tank raw/sustained,have,compute_fit,have,Stats.tsx,
UI-STAT-FP,UI,Firepower panel,"Weapon/drone/total DPS and volley, spool tooltip (min/current/max), toggle to mining yield",gui/builtinStatsViews/firepowerViewFull.py,partial,"no min/max spool pair, no mining (ENG-OFF-005/006)",partial,same,partial,same,
UI-STAT-CAP,UI,Capacitor panel,"Total GJ, lasts / stable %, recharge time, delta, extra stats (use/regen)",gui/builtinStatsViews/capacitorViewFull.py,have,"stats.rs capacitor (stable_percent, depletes_in_s, delta_gj_s)",have,compute_fit,have,Stats.tsx Capacitor,
UI-STAT-TGT,UI,Targeting & misc panel,"Targets, range, scan res, sensor str/type, drone range, speed, align, signature, warp speed, max warp distance, warp core strength, probe size, cargo + all special holds, lock times per class, jam chance",gui/builtinStatsViews/targetingMiscViewMinimal.py,partial,special holds / lock-time table partial (ENG-TGT-002/006),partial,same,partial,same,
UI-STAT-OUT,UI,Outgoing (Remote reps) panel,Shield/armor/hull/cap restored per s,"gui/builtinStatsViews/outgoingViewFull.py, outgoingViewMinimal.py",missing,ENG-PROJ-006,missing,-,partial,Remote assistance section depends on backend,
UI-STAT-MIN,UI,Mining yield panel,"Mining m3/s total, modules/drones",gui/builtinStatsViews/miningyieldViewFull.py,missing,ENG-OFF-006,missing,-,partial,backend-dependent,
UI-STAT-PRC,UI,Price panel,"Ship, fittings, drones, cargo, character, total","gui/builtinStatsViews/priceViewFull.py, priceViewMinimal.py",missing,PRC-002,missing,-,have,PriceBox.tsx,
UI-STAT-BMB,UI,Bombing panel,"Bombs to kill per bomb type, covert-ops skill level",gui/builtinStatsViews/bombingViewFull.py,missing,ENG-OFF-007,missing,-,missing,-,
UI-PREF-GEN,UI,General preferences,"global character / damage pattern, character implants default, color by slot, rack separation/labels, open in new page, reopen fits on startup, ammo change all, additions tab quantity, mutated names, language, theme",gui/builtinPreferenceViews/pyfaGeneralPreferences.py,n/a,-,n/a,-,partial,language switch; others not present,
UI-PREF-ENG,UI,Engine preferences,"Global default spool %, strict skill level requirements, global force reload, RAH",gui/builtinPreferenceViews/pyfaEnginePreferences.py,partial,"options.default_spool, factor_reload, rah; strict skill mode not separate (MISSING_SKILL always reported)",have,options passthrough,partial,EngineSettings.tsx; no e2e (a08d943),
UI-PREF-MKT,UI,Market & price preferences,"Default price source/system, totals include drones/cargo/implants, meta button modes, search delay, market shortcuts",gui/builtinPreferenceViews/pyfaMarketPreferences.py,missing,-,missing,-,missing,-,
UI-PREF-CTX,UI,Context menu preferences,Enable/disable individual context menus,gui/builtinPreferenceViews/pyfaContextMenuPreferences.py,n/a,-,n/a,-,n/a,no configurable menus,
UI-PREF-STV,UI,Stat view preferences,Per-panel hidden/minimal/full,gui/builtinPreferenceViews/pyfaStatViewPreferences.py,n/a,-,n/a,-,missing,-,
UI-PREF-DB,UI,Database preferences,"Paths, delete all damage/target profiles, delete prices",gui/builtinPreferenceViews/pyfaDatabasePreferences.py,n/a,-,n/a,-,partial,localStorage; clear via browser,
UI-PREF-ESI,UI,ESI preferences,"SSO server, auto-login, token expiry, export charges/implants/boosters",gui/builtinPreferenceViews/pyfaEsiPreferences.py; service/settings.py EsiSettings,n/a,engine owns only the character/skill input format,n/a,-,missing,"web frontend, later (eve4)","eve-fit-web (eve4), later; engine owns the character/skill input format"
UI-PREF-NET,UI,Network/Update/Logging/HTML prefs,"Proxy, update channel, debug logs, HTML export path/minimal","gui/builtinPreferenceViews/pyfaNetworkPreferences.py, pyfaUpdatePreferences.py, pyfaLoggingPreferences.py, pyfaHTMLExportPreferences.py",n/a,-,n/a,-,n/a,browser handles network,
ENG-MISC-001,ENG-MISC,Smartbombs and bombs,"Smartbomb DPS, bomb launchers (incl. fighter bombs)",module.py getVolleyParameters,have,stats.rs smartbomb (l.283/421); fighterAbilityLaunchBomb,have,engine,have,engine,
ENG-MISC-002,ENG-MISC,Utility modules without stats,"Salvagers, tractor beams, hacking/data analyzers, cynos, cloaks, point defense, lightning weapon — Pyfa effects with no stat output","eos/effects.py (salvaging, tractorBeamCan, doHacking, pointDefense, lightningWeapon)",partial,probe tools/probe_pyfa_effects.py: not named in F src; no stats expected except pointDefense/lightningWeapon damage,have,engine,have,engine,
ENG-MISC-003,ENG-MISC,Titan/doomsday AoE bubbles and effect generators,"moduleTitanEffectGenerator, doomsdayAOEBubble",eos/effects.py,partial,not named in F src (probe); B19 exct_avatar passes for stats,partial,engine,partial,engine,
ENG-MISC-004,ENG-MISC,Breacher pod damage control interaction,moduleBonusBreacherPodDamageControl,eos/effects.py,missing,not named in F src (probe); see ENG-MOD-012,partial,engine,partial,engine,
ENG-MISC-005,ENG-MISC,Industrial / compression / ore holds,"Rorqual/Porpoise compression, industrial core, mining holds",effects; targetingMisc holds,partial,effects apply; hold capacities not output,partial,engine,partial,-,
